{
  "model": "CLAP DF-Weighted with SBERT Space-Normalized (Alpha=0.7, Threshold=0.7)",
  "alpha": 0.7,
  "sbert_threshold": 0.7,
  "sbert_model": "all-MiniLM-L6-v2",
  "normalization": "space (lowercase + hyphens to spaces)",
  "tag_embeddings_file": "tag_embeddings_space.npy",
  "tagset_file": "tagset_clap_normalized_space_unique.txt",
  "num_clips": 1528,
  "total_semantic_hits": 746,
  "total_exact_hits": 465,
  "total_predictions": 15280,
  "total_ground_truth": 8160,
  "avg_precision_at_10": 0.04882198952879581,
  "avg_recall": 0.08368933822140628,
  "avg_f1_score": 0.05898737458436289,
  "avg_semantic_hits_per_clip": 0.4882198952879581,
  "avg_exact_hits_per_clip": 0.3043193717277487,
  "overall_precision": 0.04882198952879581,
  "overall_recall": 0.09142156862745097,
  "overall_f1_score": 0.0636518771331058,
  "semantic_hits_distribution": {
    "0": 1159,
    "2": 77,
    "1": 189,
    "3": 51,
    "4": 25,
    "5": 18,
    "6": 4,
    "7": 4,
    "8": 1
  },
  "exact_hits_distribution": {
    "0": 1237,
    "1": 178,
    "3": 26,
    "2": 71,
    "4": 13,
    "5": 3
  },
  "improvement_over_exact": 60.43010752688171,
  "df_stats": {
    "matched_tags": 1870,
    "unmatched_tags": 0,
    "min_df_score": 0.3661727489117187,
    "max_df_score": 0.8451578882484714,
    "mean_df_score": 0.43579359791108413,
    "std_df_score": 0.0859063990895538
  }
}