{
  "model": "CLAP Zero-Shot",
  "num_clips": 1528,
  "total_hits": 81,
  "total_predictions": 15280,
  "total_ground_truth": 8160,
  "avg_precision_at_10": 0.005301047120418848,
  "avg_recall": 0.009558208298391543,
  "avg_f1_score": 0.006410454978161201,
  "avg_hits_per_clip": 0.05301047120418848,
  "overall_precision": 0.005301047120418848,
  "overall_recall": 0.009926470588235294,
  "overall_f1_score": 0.006911262798634812,
  "hits_distribution": {
    "0": 1455,
    "1": 66,
    "2": 6,
    "3": 1
  }
}