{
  "model": "CLAP DF-Weighted (Alpha=0.7)",
  "alpha": 0.7,
  "num_clips": 1528,
  "total_hits": 466,
  "total_predictions": 15280,
  "total_ground_truth": 8160,
  "avg_precision_at_10": 0.030497382198952885,
  "avg_recall": 0.05151734718161419,
  "avg_f1_score": 0.03673019996341727,
  "avg_hits_per_clip": 0.30497382198952877,
  "overall_precision": 0.03049738219895288,
  "overall_recall": 0.0571078431372549,
  "overall_f1_score": 0.039761092150170645,
  "hits_distribution": {
    "0": 1235,
    "1": 180,
    "3": 27,
    "2": 71,
    "4": 12,
    "5": 3
  },
  "df_stats": {
    "matched_tags": 1870,
    "unmatched_tags": 0,
    "min_df_score": 0.3661727489117187,
    "max_df_score": 0.8451578882484714,
    "mean_df_score": 0.43579359791108413,
    "std_df_score": 0.0859063990895538
  }
}