{
  "model": "CLAP Zero-Shot (Space Normalized)",
  "num_clips": 1528,
  "total_hits": 78,
  "total_predictions": 15280,
  "total_ground_truth": 8160,
  "avg_precision_at_10": 0.005104712041884817,
  "avg_recall": 0.0092777296147715,
  "avg_f1_score": 0.006179472532827046,
  "avg_hits_per_clip": 0.051047120418848166,
  "overall_precision": 0.005104712041884817,
  "overall_recall": 0.009558823529411765,
  "overall_f1_score": 0.006655290102389079,
  "hits_distribution": {
    "0": 1456,
    "1": 67,
    "2": 4,
    "3": 1
  }
}