{
  "k_input_tags": 2,
  "total_test_cases": 1528,
  "metrics": {
    "precision_10": {
      "mean": 0.13331151832460733,
      "median": 0.1,
      "std": 0.1441333838285861,
      "min": 0.0,
      "max": 0.8
    },
    "recall_10": {
      "mean": 0.270289067753073,
      "median": 0.2,
      "std": 0.2875161058020218,
      "min": 0.0,
      "max": 1.0
    },
    "f1_10": {
      "mean": 0.16869667022490276,
      "median": 0.14285714285714288,
      "std": 0.17401153691090845,
      "min": 0.0,
      "max": 0.8235294117647058
    }
  }
}