{
  "description": "Tag recommendation evaluation with varying input tag counts (k=1,2,3)",
  "total_test_cases": 1528,
  "k_values_tested": [
    1,
    2,
    3
  ],
  "results_by_k": {
    "1": {
      "precision_10": {
        "mean": 0.08082876256960027,
        "median": 0.0,
        "std": 0.12851729153582922,
        "min": 0.0,
        "max": 1.0
      },
      "recall_10": {
        "mean": 0.15502517225357537,
        "median": 0.0,
        "std": 0.2444586525049825,
        "min": 0.0,
        "max": 1.0
      },
      "f1_10": {
        "mean": 0.0997498099444937,
        "median": 0.0,
        "std": 0.15126845821006699,
        "min": 0.0,
        "max": 0.8235294117647058
      }
    },
    "2": {
      "precision_10": {
        "mean": 0.13331151832460733,
        "median": 0.1,
        "std": 0.1441333838285861,
        "min": 0.0,
        "max": 0.8
      },
      "recall_10": {
        "mean": 0.270289067753073,
        "median": 0.2,
        "std": 0.2875161058020218,
        "min": 0.0,
        "max": 1.0
      },
      "f1_10": {
        "mean": 0.16869667022490276,
        "median": 0.14285714285714288,
        "std": 0.17401153691090845,
        "min": 0.0,
        "max": 0.8235294117647058
      }
    },
    "3": {
      "precision_10": {
        "mean": 0.17735602094240838,
        "median": 0.2,
        "std": 0.1597947766082719,
        "min": 0.0,
        "max": 0.9
      },
      "recall_10": {
        "mean": 0.3540193445298158,
        "median": 0.3333333333333333,
        "std": 0.30702134848333057,
        "min": 0.0,
        "max": 1.0
      },
      "f1_10": {
        "mean": 0.22361232451979174,
        "median": 0.1818181818181818,
        "std": 0.18895839867652447,
        "min": 0.0,
        "max": 0.888888888888889
      }
    }
  }
}