{
  "k_input_tags": 3,
  "total_test_cases": 1528,
  "metrics": {
    "precision_10": {
      "mean": 0.17735602094240838,
      "median": 0.2,
      "std": 0.1597947766082719,
      "min": 0.0,
      "max": 0.9
    },
    "recall_10": {
      "mean": 0.3540193445298158,
      "median": 0.3333333333333333,
      "std": 0.30702134848333057,
      "min": 0.0,
      "max": 1.0
    },
    "f1_10": {
      "mean": 0.22361232451979174,
      "median": 0.1818181818181818,
      "std": 0.18895839867652447,
      "min": 0.0,
      "max": 0.888888888888889
    }
  }
}