{
  "k_input_tags": 1,
  "total_test_cases": 1528,
  "metrics": {
    "precision_10": {
      "mean": 0.08082876256960027,
      "median": 0.0,
      "std": 0.12851729153582922,
      "min": 0.0,
      "max": 1.0
    },
    "recall_10": {
      "mean": 0.15502517225357537,
      "median": 0.0,
      "std": 0.2444586525049825,
      "min": 0.0,
      "max": 1.0
    },
    "f1_10": {
      "mean": 0.0997498099444937,
      "median": 0.0,
      "std": 0.15126845821006699,
      "min": 0.0,
      "max": 0.8235294117647058
    }
  }
}